DROP DATABASE IF EXISTS hww4sql;

CREATE DATABASE IF NOT EXISTS hww4sql;

USE hww4sql;

-- Собеседования
CREATE TABLE  AUTO 
(       
	REGNUM VARCHAR(10) PRIMARY KEY, 
	MARK VARCHAR(10), 
	COLOR VARCHAR(15),
	RELEASEDT DATE, 
	PHONENUM VARCHAR(15)
);


CREATE TABLE  CITY 
(	
    CITYCODE INT PRIMARY KEY,
	CITYNAME VARCHAR(50), 
	PEOPLES INT 
);


CREATE TABLE  MAN 
(	
	PHONENUM VARCHAR(15) PRIMARY KEY , 
	FIRSTNAME VARCHAR(50),
	LASTNAME VARCHAR(50),  
	CITYCODE INT, 
	YEAROLD INT	 
);


 -- AUTO
INSERT INTO AUTO (REGNUM, MARK,	COLOR, RELEASEDT, PHONENUM )
VALUES(111114,'LADA', 'КРАСНЫЙ', date'2008-01-01', '9152222221');


INSERT INTO AUTO (REGNUM, MARK,	COLOR, RELEASEDT, PHONENUM )
VALUES(111115,'VOLVO', 'КРАСНЫЙ', date'2013-01-01', '9173333334');


INSERT INTO AUTO (REGNUM, MARK,	COLOR, RELEASEDT, PHONENUM )
VALUES(111116,'BMW', 'СИНИЙ', date'2015-01-01', '9173333334');


INSERT INTO AUTO (REGNUM, MARK,	COLOR, RELEASEDT, PHONENUM )
VALUES(111121,'AUDI', 'СИНИЙ', date'2009-01-01', '9173333332');


INSERT INTO AUTO (REGNUM, MARK,	COLOR, RELEASEDT, PHONENUM )
VALUES(111122,'AUDI', 'СИНИЙ', date'2011-01-01', '9213333336');


INSERT INTO AUTO (REGNUM, MARK,	COLOR, RELEASEDT, PHONENUM )
VALUES(111113,'BMW', 'ЗЕЛЕНЫЙ', date'2007-01-01', '9214444444');


INSERT INTO AUTO (REGNUM, MARK,	COLOR, RELEASEDT, PHONENUM )
VALUES(111126,'LADA', 'ЗЕЛЕНЫЙ', date'2005-01-01', null);


INSERT INTO AUTO (REGNUM, MARK,	COLOR, RELEASEDT, PHONENUM )
VALUES(111117,'BMW', 'СИНИЙ', date'2005-01-01', null);


INSERT INTO AUTO (REGNUM, MARK,	COLOR, RELEASEDT, PHONENUM )
VALUES(111119,'LADA', 'СИНИЙ', date'2017-01-01', 9213333331);


 -- CITY
INSERT INTO CITY (CITYCODE,CITYNAME,PEOPLES)
VALUES(1,'Москва', 10000000),
(2,'Владимир', 500000),
(3, 'Орел', 300000),
(4,'Курск', 200000),
(5, 'Казань', 2000000),
(7, 'Котлас', 110000),
(8, 'Мурманск', 400000),
(9, 'Ярославль', 500000);

-- MAN
INSERT INTO MAN (PHONENUM,FIRSTNAME,LASTNAME,CITYCODE,YEAROLD)
VALUES('9152222221','Андрей','Николаев', 1, 22),
('9152222222','Максим','Москитов', 1, 31),
('9153333333','Олег','Денисов', 3, 34),
('9173333334','Алиса','Никина', 4, 31),
('9173333335','Таня','Иванова', 4, 31),
('9213333336','Алексей','Иванов', 7, 25),
('9213333331','Андрей','Некрасов', 2, 27),
('9213333332','Миша','Рогозин', 2, 21),
('9214444444','Алексей','Галкин', 1, 38);

-- 1.Вывести на экран, сколько машин каждого цвета для машин марок BMW и LADA
SELECT 
    COUNT(*) AS car_count,
    COLOR
FROM AUTO
WHERE MARK IN ('BMW', 'LADA')
GROUP BY COLOR;


-- 2.Вывести на экран марку авто(количество) и количество авто не этой марки. 100 машин, их них 20 - BMW и 80 машин другой марки ,  AUDI - 30 и 70 машин другой марки, LADA - 15, 85 авто другой марки
SELECT 
    MARK,
    COUNT(*) AS count_mark,
    (SELECT COUNT(*) FROM AUTO) - COUNT(*) AS count_other
FROM AUTO
GROUP BY MARK;

/*
-- Задание №3. Даны 2 таблицы, напишите запрос, который вернет строки из таблицы test_a, id которых нет в таблице test_b, НЕ используя ключевого слова NOT
create table test_a (id INT, test varchar(10));
create table test_b (id INT);
insert into test_a(id, test) values
(10, 'A'),
(20, 'A'),
(30, 'F'),
(40, 'D'),
(50, 'C');
insert into test_b(id) values
(10),
(30),
(50);
*/

CREATE TABLE IF NOT EXISTS test_a(id INT, DATA VARCHAR(45));
CREATE TABLE IF NOT EXISTS test_b  (id INT);
INSERT INTO test_a(id, DATA) VALUES
(10, 'A'),
(20, 'A'),
(30, 'F'),
(40, 'D'),
(50, 'C');
INSERT INTO test_b(id) VALUES
(10),
(30),
(50);

SELECT a.*
FROM test_a a
LEFT JOIN test_b b
ON a.id = b.id
WHERE b.id IS NULL;
